form	lemma	POS	morph
༄༅།		PUNCT
		
།		PUNCT
ཤ་	ཤ་	NOUN
བཱ་	བཱ་	NO_POS
རི་པ་	རི་པ་	NO_POS
འི་	གི་	PART
བླ་མ་	བླ་མ་	NOUN
འི་	གི་	PART
རྣལ་འབྱོར་	རྣལ་འབྱོར་	NOUN
།		PUNCT
ཨཱཿ་		NON_WORD
		
ཆོ་	ཆོ་	NOUN
རྣམས་	རྣམས་	DET
སྟོང་པ་	སྟོང་པ་	VERB
འི་	གི་	PART
ངང་	ངང་	NOUN
ཉིད་	ཉིད་	DET
ལ་	ལ་	ADP
ས་	གིས་	PART
།		PUNCT
		
།		PUNCT
པད་	པད་	NO_POS
ཟླ་	ཟླ་	NOUN
རི་དྭགས་	རི་དྭགས་	NOUN
པགས་པ་	པགས་པ་	NOUN
འི་	གི་	PART
སྟེང་	སྟེང་	NOUN
།		PUNCT
		
།		PUNCT
གྲུབ་པ་	གྲུབ་པ་	VERB
འི་	གི་	PART
དབང་ཕྱུག་	དབང་ཕྱུག་	NOUN
ཤ་	ཤ་	NOUN
ཝཱ་	ཝཱ་	NO_POS
རི་	རི་	NOUN
།		PUNCT
		
།		PUNCT
དཀ་	དཀའ་	VERB
ར་	ལ་	PART
སྨུག་	སྨུག་	OTHER
ར་	ར་	NOUN
ཀྱི་	གི་	PART
སྨད་	སྨད་	NOUN
གཡོག་	གཡོག་	NOUN
དང་	དང་	NO_POS
།		PUNCT
		
།		PUNCT
མེ་ཏོག་ཕྲེང་བ་	མེ་ཏོག་ཕྲེང་བ་	NOUN
འི་	གི་	PART
རྒྱན་	རྒྱན་	NOUN
གྱིས་	གིས་	PART
སྤྲ་	སྤྲ་	NO_POS
ས་	གིས་	PART
།		PUNCT
		
།		PUNCT
དབུ་སྐྲ་	དབུ་སྐྲ་	OTHER
ཐོར་ཅོག་	ཐོར་ཅོག་	NO_POS
ཆུང་ངུ་	ཆུང་ངུ་	ADJ
ལ་	ལ་	PART
།		PUNCT
		
།		PUNCT
ལྷག་མ་	ལྷག་མ་	NOUN
གཡས་གཡོན་	གཡས་གཡོན་	NOUN
རིང་	རིང་	NOUN
དུ་	ལ་	PART
འཕྱང་	འཕྱང་	NO_POS
།		PUNCT
		
།		PUNCT
ཨུཏྤལ་	ཨུཏྤལ་	NO_POS
ཕྲེང་བ་	ཕྲེང་བ་	NOUN
འི་	གི་	PART
རྩ་	རྩ་	NUM
ཆིངས་	ཆིངས་	VERB
ལ་	ལ་	PART
།		PUNCT
		
།		PUNCT
དཔྲལ་བ་	དཔྲལ་བ་	NOUN
ར་	ལ་	PART
ཐོད་སྐམ་	ཐོད་སྐམ་	NO_POS
གཅིག་	གཅིག་	NUM
གིས་	གིས་	PART
བརྒྱན་	བརྒྱན་	VERB
།		PUNCT
		
།		PUNCT
ཤ་བ་	ཤ་བ་	NOUN
འི་	གི་	PART
རོ་	རོ་	NOUN
ནི་	ནི་	NO_POS
ཕྲག་	ཕྲག་	NUM
གཡོན་	གཡོན་	NOUN
བཀལ་	བཀལ་	NO_POS
།		PUNCT
		
།		PUNCT
གཡས་པ་	གཡས་པ་	VERB
ས་	གིས་	PART
མདའ་	མདའ་	NOUN
དང་	དང་	NO_POS
གཡོན་པ་	གཡོན་པ་	ADJ
ས་	གིས་	PART
གཞུ་	གཞུ་	NOUN
།		PUNCT
		
།		PUNCT
ཞབས་	ཞབས་	NOUN
གཉིས་	གཉིས་	NUM
པུས་	པུས་	NO_POS
གཡའ་	གཡའ་	NOUN
གྱེན་	གྱེན་	NOUN
དུ་	ལ་	PART
བསླངས་	བསླངས་	NO_POS
།		PUNCT
		
།		PUNCT
གཡོན་པ་	གཡོན་པ་	ADJ
གདན་	གདན་	NOUN
ལ་	ལ་	PART
བརྟེན་	བརྟེན་	VERB
བྱ་	བྱ་	VERB
ཤིང་	ཅིང་	PART
།		PUNCT
		
།		PUNCT
དཔྲལ་བ་	དཔྲལ་བ་	NOUN
ར་	ལ་	PART
བླ་མ་	བླ་མ་	NOUN
རྡོ་རྗེ་	རྡོ་རྗེ་	NOUN
འཆང་	འཆང་	NO_POS
།		PUNCT
		
།		PUNCT
མཐིང་	མཐིང་	NO_POS
གསལ་	གསལ་	VERB
རྡོར་དྲིལ་	རྡོར་དྲིལ་	NO_POS
ཡུམ་	ཡུམ་	NOUN
དང་	དང་	NO_POS
སྦྱོར་	སྦྱོར་	VERB
།		PUNCT
		
།		PUNCT
མགྲིན་པ་	མགྲིན་པ་	NOUN
ར་	ལ་	PART
སྤྱན་རས་	སྤྱན་རས་	NO_POS
གཟིགས་	གཟིགས་	VERB
དབང་	དབང་	NOUN
དཀ་	དཀའ་	VERB
ར་	ལ་	PART
།		PUNCT
		
།		PUNCT
སེམས་ཉིད་	སེམས་ཉིད་	NOUN
ངལ་གསོ་	ངལ་གསོ་	OTHER
འི་	གི་	PART
ཕྱག་རྒྱ་	ཕྱག་རྒྱ་	NOUN
ཅན་	ཅན་	PART
།		PUNCT
		
།		PUNCT
ཐུགས་ཀ་	ཐུགས་ཀ་	NOUN
ར་	ལ་	PART
འཁོར་ལོ་	འཁོར་ལོ་	NOUN
སྡོམ་པ་	སྡོམ་པ་	NOUN
སྔོ་	སྔོ་	VERB
།		PUNCT
		
།		PUNCT
མཐིང་ནག་	མཐིང་ནག་	NO_POS
རྡོ་རྗེ་	རྡོ་རྗེ་	NOUN
དྲིལ་བུ་	དྲིལ་བུ་	NOUN
བསྣམས་	བསྣམས་	NO_POS
།		PUNCT
		
།		PUNCT
ཕག་མོ་	ཕག་མོ་	PROPN
ཡུམ་	ཡུམ་	NOUN
དང་	དང་	NO_POS
གཉིས་	གཉིས་	NUM
མེད་	མེད་	VERB
འཁྲིལ་	འཁྲིལ་	NO_POS
།		PUNCT
		
།		PUNCT
ལྟེ་བ་	ལྟེ་བ་	NOUN
ར་	ལ་	PART
སྒྲོལ་མ་	སྒྲོལ་མ་	PROPN
ཁྲོ་གཉེར་	ཁྲོ་གཉེར་	NO_POS
ཅན་	ཅན་	PART
།		PUNCT
		
།		PUNCT
མཆོག་སྦྱིན་	མཆོག་སྦྱིན་	NOUN
རལ་གྲི་	རལ་གྲི་	NOUN
ཨུཏྤལ་	ཨུཏྤལ་	NO_POS
བསྣམས་	བསྣམས་	NO_POS
།		PUNCT
		
།		PUNCT
གསང་བ་	གསང་བ་	VERB
ར་	ལ་	PART
ཡེ་ཤེས་	ཡེ་ཤེས་	NOUN
མགོན་པོ་	མགོན་པོ་	NOUN
མཐིང་	མཐིང་	NO_POS
།		PUNCT
		
།		PUNCT
ཞལ་	ཞལ་	NOUN
གཅིག་	གཅིག་	NUM
ཕྱག་	ཕྱག་	NOUN
དྲུག་	དྲུག་	NUM
པད་	པད་	NO_POS
ཉི་	ཉི་	NUM
དང་	དང་	NO_POS
།		PUNCT
		
།		PUNCT
ཚོགས་	ཚོགས་	NOUN
ཀྱི་	གི་	PART
བདག་པོ་	བདག་པོ་	NOUN
འི་	གི་	PART
སྟེང་	སྟེང་	NOUN
ན་	ལ་	PART
ཞུགས་	ཞུགས་	VERB
།		PUNCT
		
།		PUNCT
གནས་	གནས་	NOUN
གསུམ་	གསུམ་	NUM
ཡིག་འབྲུ་	ཡིག་འབྲུ་	NOUN
གསུམ་	གསུམ་	NUM
ལ་	ལ་	ADP
ས་	གིས་	PART
ནི་	ནི་	NO_POS
།		PUNCT
		
།		PUNCT
འོད་འཕྲོ་	འོད་འཕྲོ་	NO_POS
ས་	གིས་	PART
ཡེ་ཤེས་	ཡེ་ཤེས་	NOUN
སྤྱན་	སྤྱན་	NOUN
དྲངས་	དྲངས་	NO_POS
ཐིམ་	ཐིམ་	NO_POS
།		PUNCT
		
།		PUNCT
དབང་	དབང་	NOUN
ལྷ་		
དབང་	དབང་	NOUN
བསྐུར་	བསྐུར་	NO_POS
རིགས་	རིགས་	NOUN
ཀྱི་	གི་	PART
བདག་	བདག་	PRON
		
།		PUNCT
འོད་	འོད་	NOUN
དཔག་མེད་པ་	དཔག་མེད་པ་	ADJ
ས་	གིས་	PART
དབུ་	དབུ་	NOUN
ར་	ལ་	PART
རྒྱན་	རྒྱན་	NOUN
གྱུར་	གྱུར་	VERB
།		PUNCT
		
།		PUNCT
ལ་	ལ་	ADP
ས་	གིས་	PART
ཀྱི་	གི་	PART
རིམ་པ་	རིམ་པ་	NOUN
ར་	ལ་	PART
སྤྱན་	སྤྱན་	NOUN
འདྲེན་	འདྲེན་	NO_POS
ནི་	ནི་	NO_POS
།		PUNCT
ཧྲཱི་		NON_WORD
ཕཻ་		NON_WORD
།		PUNCT
		
འོག་མིན་	འོག་མིན་	PROPN
ཆོས་དབྱིངས་	ཆོས་དབྱིངས་	NOUN
ཞིང་ཁམས་	ཞིང་ཁམས་	NOUN
དང་	དང་	NO_POS
།		PUNCT
		
།		PUNCT
ལོངས་སྤྱོད་	ལོངས་སྤྱོད་	NOUN
རྫོགས་	རྫོགས་	VERB
དང་	དང་	NO_POS
སྤྲུལ་པ་	སྤྲུལ་པ་	VERB
འི་	གི་	PART
ཞིང་	ཅིང་	PART
།		PUNCT
		
།		PUNCT
གནས་ཡུལ་	གནས་ཡུལ་	NO_POS
དུར་ཁྲོད་	དུར་ཁྲོད་	NOUN
བརྒྱད་	བརྒྱད་	NUM
སོགས་	སོགས་	DET
ན་	ནས་	PART
།		PUNCT
		
།		PUNCT
གྲུབ་པ་	གྲུབ་པ་	VERB
འི་	གི་	PART
དབང་ཕྱུག་	དབང་ཕྱུག་	NOUN
ཤ་	ཤ་	NOUN
ཝཱ་	ཝཱ་	NO_POS
རི་	རི་	NOUN
།		PUNCT
		
།		PUNCT
མཁའ་འགྲོ་	མཁའ་འགྲོ་	NOUN
རྒྱ་མཚོ་	རྒྱ་མཚོ་	NOUN
འི་	གི་	PART
ཚོགས་	ཚོགས་	NOUN
དང་	དང་	NO_POS
བཅའ་	བཅའ་	VERB
།		PUNCT
		
།		PUNCT
གདུགས་	གདུགས་	NOUN
དང་	དང་	NO_POS
རྒྱལ་མཚན་	རྒྱལ་མཚན་	NOUN
ཐིབས་སེ་	ཐིབས་སེ་	NO_POS
ཐིབ་	ཐིབ་	NO_POS
།		PUNCT
		
།		PUNCT
རོལ་མོ་	རོལ་མོ་	NOUN
མང་པོ་	མང་པོ་	ADJ
འི་	གི་	PART
སྒྲ་	སྒྲ་	NOUN
དང་	དང་	NO_POS
བཅའ་	བཅའ་	VERB
།		PUNCT
		
།		PUNCT
གནས་	གནས་	NOUN
འདི་	འདི་	DET
ར་	ལ་	PART
སྤྱན་	སྤྱན་	NOUN
འདྲེན་	འདྲེན་	NO_POS
གཤེགས་	གཤེགས་	VERB
སུ་	ལ་	PART
གསོལ་	གསོལ་	VERB
།		PUNCT
		
།		PUNCT
གཤེགས་	གཤེགས་	VERB
ན་	ནས་	PART
བྱིན་	བྱིན་	VERB
གྱིས་	གིས་	PART
བརླབ་	བརླབ་	NO_POS
ཏུ་	ལ་	PART
གསོལ་	གསོལ་	VERB
།		PUNCT
		
།		PUNCT
ཨོཾ་	ཨོཾ་	X
ཨེ་	ཨེ་	PART
ཧྱེ་		NON_WORD
ཧི་	ཧི་	NO_POS
བཛྲ་	བཛྲ་	NO_POS
ས་	ས་	ADP
མ་	མ་	PART
ཛཿ་		NON_WORD
		
ཛཿ་		NON_WORD
ཧཱུྃ་		NON_WORD
བྃ་		NON_WORD
ཧོ་	ཧོ་	NO_POS
།		PUNCT
ཚོགས་	ཚོགས་	NOUN
བསགས་པ་	བསགས་པ་	VERB
ལ་	ལ་	PART
།		PUNCT
		
རྒྱས་པ་	རྒྱས་པ་	VERB
ར་	ལ་	PART
ཡན་ལག་	ཡན་ལག་	NOUN
བདུན་པ་	བདུན་པ་	NUM
དང་	དང་	NO_POS
།		PUNCT
		
བསྡུ་	བསྡུ་	VERB
ན་	ལ་	PART
རྒྱུན་	རྒྱུན་	NOUN
བཤགས་	བཤགས་	NO_POS
བྱ་	བྱ་	VERB
ལ་	ལ་	PART
།		PUNCT
		
སླར་ཡང་	སླར་ཡང་	OTHER
།		PUNCT
ཨོཾ་	ཨོཾ་	X
ཨཱ་	ཨཱ་	NO_POS
ཧཱུྃ་		NON_WORD
།		PUNCT
		
རབ་འབྱམས་	རབ་འབྱམས་	ADJ
ཞིང་	ཅིང་	PART
ཀུན་	ཀུན་	DET
ཐམས་ཅད་	ཐམས་ཅད་	DET
ན་	ལ་	PART
།		PUNCT
		
།		PUNCT
ཕྱི་	ཕྱི་	NOUN
ནང་	ནང་	NOUN
གསང་བ་	གསང་བ་	VERB
འི་	གི་	PART
མཆོད་པ་	མཆོད་པ་	VERB
ནི་	ནི་	NO_POS
།		PUNCT
		
།		PUNCT
ཀུན་བཟང་	ཀུན་བཟང་	ADJ
རྣམ་	རྣམ་	NOUN
རོལ་	རོལ་	VERB
ལ་	ལ་	ADP
ས་	གིས་	PART
བྱུང་བ་	བྱུང་བ་	VERB
།		PUNCT
		
།		PUNCT
འཛད་	འཛད་	NO_POS
མེད་	མེད་	VERB
ནམ་མཁའ་	ནམ་མཁའ་	NOUN
མཛོད་	མཛོད་	NOUN
ཀྱི་	གི་	PART
སྤྲིན་	སྤྲིན་	NOUN
།		PUNCT
		
།		PUNCT
རིག་འཛིན་	རིག་འཛིན་	OTHER
དཀྱིལ་འཁོར་	དཀྱིལ་འཁོར་	NOUN
ལྷ་	ལྷ་	NOUN
ལ་	ལ་	PART
འབུལ་	འབུལ་	NO_POS
།		PUNCT
		
།		PUNCT
		
གུ་རུ་	གུ་རུ་	PROPN
སརྦ་	སརྦ་	NO_POS
ཏ་	ཏ་	OTHER
ཐཱ་		NON_WORD
ག་	ག་	PRON
ཏ་	ཏ་	OTHER
ས་པ་	ས་པ་	NOUN
རི་	རི་	NOUN
ཝཱ་	ཝཱ་	NO_POS
ར་	ར་	ADP
བཛྲ་	བཛྲ་	NO_POS
ཨརྒྷཾ་		NON_WORD
པཱ་	པཱ་	NO_POS
དྱཾ་		NON_WORD
པུཥྤེ་		NON_WORD
དྷཱུ་		NON_WORD
པེ་	པེ་	NO_POS
ཨཱ་	ཨཱ་	NO_POS
ལོ་	གོ་	PART
ཀེ་	ཀེ་	PROPN
གནྡྷེ་		NON_WORD
ནཻ་		NON_WORD
ཝི་		NON_WORD
དྱཱ་		NON_WORD
ཤབྡ་		NON_WORD
རཱུ་པ་	རཱུ་པ་	NON_WORD
ཤཔྡ་		NON_WORD
གནྡྷེ་		NON_WORD
རཱ་	རཱ་	NO_POS
ས་	ས་	ADP
སྤརྴེ་		NON_WORD
མ་	མ་	PART
ཧཱ་		NON_WORD
སརྦ་	སརྦ་	NO_POS
པཉྩ་	པཉྩ་	NO_POS
ཨ་	ཨ་	X
མྲྀ་		NON_WORD
ཏ་	ཏ་	OTHER
ར་ས་	ར་ས་	PROPN
ཡ་	ཡ་	NOUN
ན་	ལ་	PART
རཀྟ་བ་	རཀྟ་བ་	NON_WORD
ལིཾ་		NON_WORD
ཏ་	ཏ་	OTHER
ཏ་	ཏ་	OTHER
ན་	ལ་	PART
གྷ་		NON_WORD
ཎ་		NON_WORD
དྷརྨ་		NON_WORD
དྷ་		NON_WORD
ཏུ་	ལ་	PART
པཱུ་		NON_WORD
ཛ་	ཛ་	OTHER
ཧོཿ་		NON_WORD
ཨེ་མ་	ཨེ་མ་	INTJ
མཆོད་པ་	མཆོད་པ་	VERB
མཆོད་པ་	མཆོད་པ་	VERB
ཆེ་	ཆེ་	VERB
།		PUNCT
		
།		PUNCT
འཁོར་འདས་	འཁོར་འདས་	NOUN
མཉམ་ཉིད་	མཉམ་ཉིད་	NOUN
བྱང་ཆུབ་	བྱང་ཆུབ་	NOUN
སེམས་	སེམས་	NOUN
།		PUNCT
		
།		PUNCT
གཟུང་འཛིན་	གཟུང་འཛིན་	NOUN
མཚན་མ་	མཚན་མ་	NOUN
ལ་	ལ་	ADP
ས་	གིས་	PART
འདས་པ་	འདས་པ་	VERB
།		PUNCT
		
།		PUNCT
དེ་	སྟེ་	PART
ཁོ་ན་ཉིད་	ཁོ་ན་ཉིད་	NO_POS
མཆོད་པ་	མཆོད་པ་	VERB
འི་	གི་	PART
རྒྱལ་	རྒྱལ་	VERB
།		PUNCT
		
།		PUNCT
བསྟོད་པ་	བསྟོད་པ་	VERB
ནི་	ནི་	NO_POS
།		PUNCT
ཨེ་མ་	ཨེ་མ་	INTJ
ཧོཿ་		NON_WORD
		
གྲུབ་པ་	གྲུབ་པ་	VERB
འི་	གི་	PART
རིག་འཛིན་	རིག་འཛིན་	OTHER
ཀུན་	ཀུན་	DET
གྱི་	གི་	PART
རྗེ་	རྗེ་	NO_POS
།		PUNCT
		
།		PUNCT
སངས་རྒྱས་	སངས་རྒྱས་	NOUN
ཀུན་	ཀུན་	DET
གྱི་	གི་	PART
རྣམ་པ་	རྣམ་པ་	NOUN
ར་	ལ་	PART
འཕྲུལ་	འཕྲུལ་	VERB
།		PUNCT
		
།		PUNCT
པདྨ་	པདྨ་	NOUN
ག་	ག་	NOUN
དབང་	དབང་	NOUN
ཤ་	ཤ་	NOUN
ཝཱ་	ཝཱ་	NO_POS
རི་	རི་	NOUN
།		PUNCT
		
།		PUNCT
གང་	གང་	NO_POS
འདུལ་	འདུལ་	NO_POS
ཅིར་	ཅིར་	NO_POS
ཡང་	ཀྱང་	PART
བསྒྱུར་	བསྒྱུར་	VERB
ལ་	ལ་	PART
བསྟོད་	བསྟོད་	VERB
།		PUNCT
		
།		PUNCT
ཡེ་ཤེས་	ཡེ་ཤེས་	NOUN
རྒྱ་མཚོ་	རྒྱ་མཚོ་	NOUN
ཐུགས་	ཐུགས་	NOUN
མངའ་བ་	མངའ་བ་	VERB
།		PUNCT
		
།		PUNCT
བདག་མེད་	བདག་མེད་	ADJ
སེང་གེ་	སེང་གེ་	NOUN
འི་	གི་	PART
སྒྲ་	སྒྲ་	NOUN
དང་	དང་	NO_POS
ལྡན་	ལྡན་	VERB
།		PUNCT
		
།		PUNCT
གཟི་བརྗིད་	གཟི་བརྗིད་	NOUN
ཕྲེང་བ་	ཕྲེང་བ་	NOUN
ལྟ་	ལྟ་	NOUN
ན་	ལ་	PART
སྡུག་	སྡུག་	VERB
		
།		PUNCT
ཧེ་རུ་ཀ་	ཧེ་རུ་ཀ་	NOUN
དཔལ་	དཔལ་	OTHER
ཁྱོད་	ཁྱོད་	PRON
ལ་	ལ་	PART
བསྟོད་	བསྟོད་	VERB
།		PUNCT
		
།		PUNCT
ཀུན་	ཀུན་	DET
ཏུ་	ལ་	PART
བཟང་པོ་	བཟང་པོ་	ADJ
ཀུན་བདག་	ཀུན་བདག་	NO_POS
ཉིད་	ཉིད་	DET
།		PUNCT
		
།		PUNCT
སེམས་དཔའ་	སེམས་དཔའ་	NOUN
རྡོ་རྗེ་	རྡོ་རྗེ་	NOUN
དེ་	སྟེ་	PART
རང་བཞིན་	རང་བཞིན་	NOUN
།		PUNCT
		
།		PUNCT
ཀུན་	ཀུན་	DET
ཏུ་	ལ་	PART
ཐོགས་མེད་	ཐོགས་མེད་	PROPN
སྤྱན་ལྡན་པ་	སྤྱན་ལྡན་པ་	NOUN
།		PUNCT
		
།		PUNCT
གྲུབ་	གྲུབ་	VERB
བརྒྱ་	བརྒྱ་	NUM
འི་	གི་	PART
འཁོར་ལོ་	འཁོར་ལོ་	NOUN
ས་	གིས་	PART
བསྒྱུར་	བསྒྱུར་	VERB
ལ་	ལ་	PART
བསྟོད་	བསྟོད་	VERB
།		PUNCT
		
།		PUNCT
དེ་ལྟ་	དེ་ལྟ་	NO_POS
བསྟོད་པ་	བསྟོད་པ་	VERB
འི་	གི་	PART
གླུ་	གླུ་	NOUN
འདི་	འདི་	DET
ནི་	ནི་	NO_POS
།		PUNCT
		
།		PUNCT
ཞིང་ཁམས་	ཞིང་ཁམས་	NOUN
ཀུན་	ཀུན་	DET
ཏུ་	ལ་	PART
རབ་ཏུ་	རབ་ཏུ་	NO_POS
ཁྱབ་	ཁྱབ་	VERB
།		PUNCT
		
།		PUNCT
ཀུན་	ཀུན་	DET
གྱི་	གི་	PART
མཐུན་པ་	མཐུན་པ་	VERB
ར་	ལ་	PART
བསྒྲགས་པ་	བསྒྲགས་པ་	VERB
ཡི་	གི་	PART
།		PUNCT
		
།		PUNCT
བྱང་ཆུབ་	བྱང་ཆུབ་	NOUN
རྡོ་རྗེ་	རྡོ་རྗེ་	NOUN
ལ་	ལ་	PART
འགོད་	འགོད་	NO_POS
ཤོག་	ཤོག་	VERB
		
།		PUNCT
གསལ་	གསལ་	VERB
དག་	དག་	DET
བརྟན་པ་	བརྟན་པ་	VERB
འི་	གི་	PART
ང་རྒྱལ་	ང་རྒྱལ་	NOUN
བྱ་	བྱ་	VERB
།		PUNCT
		
།		PUNCT
བཟླས་	བཟླས་	NO_POS
དམིགས་	དམིགས་	VERB
ནི་	ནི་	NO_POS
།		PUNCT
ལྷ་	ལྷ་	NOUN
རྣམས་	རྣམས་	DET
ཐུགས་ཀ་	ཐུགས་ཀ་	NOUN
ར་	ལ་	PART
ཁྲོ་བོ་	ཁྲོ་བོ་	NOUN
ལ་	ལ་	PART
ཉི་མ་	ཉི་མ་	NOUN
།		PUNCT
		
།		PUNCT
ཞི་བ་	ཞི་བ་	VERB
རྣམས་	རྣམས་	DET
ལ་	ལ་	PART
ཟླ་བ་	ཟླ་བ་	NOUN
།		PUNCT
		
ཉི་ཟླ་	ཉི་ཟླ་	NOUN
ལ་	ལ་	PART
།		PUNCT
		
།		PUNCT
སོ་སོ་	སོ་སོ་	PRON
འི་	གི་	PART
ས་བོན་	ས་བོན་	NOUN
སྔགས་	སྔགས་	NOUN
ཀྱིས་	གིས་	PART
མཚན་	མཚན་	NOUN
།		PUNCT
		
།		PUNCT
འོད་འཕྲོ་	འོད་འཕྲོ་	NO_POS
ས་	གིས་	PART
འཕགས་	འཕགས་	VERB
མཆོད་	མཆོད་	VERB
དོན་	དོན་	NOUN
གཉིས་	གཉིས་	NUM
བྱ་	བྱ་	VERB
།		PUNCT
		
།		PUNCT
སྣོད་བཅུད་	སྣོད་བཅུད་	NOUN
བླ་མ་	བླ་མ་	NOUN
འི་	གི་	PART
དཀྱིལ་འཁོར་	དཀྱིལ་འཁོར་	NOUN
ཤ་	ཤ་	VERB
།		PUNCT
		
།		PUNCT
ཨོཾ་	ཨོཾ་	X
ཨཱཿ་		NON_WORD
མ་	མ་	PART
ཧཱ་		NON_WORD
གུ་རུ་	གུ་རུ་	PROPN
བཛྲ་	བཛྲ་	NO_POS
དྷཱ་		NON_WORD
ར་	ར་	ADP
སརྦ་	སརྦ་	NO_POS
སིདྡྷི་		NON_WORD
ཧཱུྃ་		NON_WORD
༔		PUNCT
ཨོཾ་	ཨོཾ་	X
ཨཱཿ་		NON_WORD
ལོ་	གོ་	PART
ཀི་	ཀི་	ADP
ཤྭ་	ཤྭ་	NO_POS
ར་	ར་	ADP
ཁ་ས་	ཁ་ས་	NO_POS
ར་པ་	ར་པ་	PART
ཎི་		NON_WORD
སརྦ་	སརྦ་	NO_POS
སིདྡྷི་		NON_WORD
ཧཱུྃ་		NON_WORD
༔		PUNCT
ཨོཾ་	ཨོཾ་	X
ཨཱཿ་		NON_WORD
ཧྲཱི་		NON_WORD
ཧ་	ཧ་	NOUN
ཧ་	ཧ་	NOUN
ཧཱུྃ་		NON_WORD
ཕཊ་		NON_WORD
༔		PUNCT
ཨོཾ་	ཨོཾ་	X
སརྦ་	སརྦ་	NO_POS
བུདྡྷ་		NON_WORD
ཌཱ་ཀི་	ཌཱ་ཀི་	NOUN
ནི་	ནི་	NO_POS
ཡེ་	ཡེ་	ADV
སྭཱ་		NON_WORD
ཧཱ་		NON_WORD
༔		PUNCT
ཨོཾ་	ཨོཾ་	X
ཏ་	ཏ་	OTHER
རེ་	རེ་	DET
ཏུཏྟ་		NON_WORD
རེ་	རེ་	DET
ཏུ་རེ་	ཏུ་རེ་	NO_POS
ཧཱུྃ་		NON_WORD
ཕཊ་		NON_WORD
སྭཱ་		NON_WORD
ཧཱ་		NON_WORD
༔		PUNCT
ཨོཾ་	ཨོཾ་	X
བཛྲ་	བཛྲ་	NO_POS
མ་	མ་	PART
ཧཱ་		NON_WORD
ཀཱ་	ཀཱ་	NO_POS
ལ་	ལ་	PART
ཀྵིཾ་		NON_WORD
ཀྵེ་		NON_WORD
ཏྲ་		NON_WORD
བིགྷྣཱན་		NON_WORD
བི་	བི་	NO_POS
ན་	ལ་	PART
ཡ་	ཡ་	NOUN
ཀ་	ཀ་	DET
ཧཱུྃ་		NON_WORD
ཧཱུྃ་		NON_WORD
ཕཊ་		NON_WORD
སྭཱ་		NON_WORD
ཧཱ་		NON_WORD
༔		PUNCT
རྣམས་	རྣམས་	DET
བཟླ་བ་	བཟླ་བ་	NO_POS
ར་	ལ་	PART
བྱ་	བྱ་	VERB
འོ་	གོ་	PART
།		PUNCT
		
།		PUNCT
དེ་	སྟེ་	PART
རྣམས་	རྣམས་	DET
ལ་	ལ་	ADP
ས་	གིས་	PART
རང་	རང་	PRON
གང་	གང་	NO_POS
མོས་པ་	མོས་པ་	VERB
དེ་	སྟེ་	PART
གཙོ་བོ་	གཙོ་བོ་	ADJ
ར་	ལ་	PART
བཟླ་	བཟླ་	NO_POS
ཞིང་	ཅིང་	PART
།		PUNCT
		
དེ་ཡང་	དེ་ཡང་	ADV
བླ་མ་	བླ་མ་	NOUN
ལ་	ལ་	ADP
ས་	གིས་	PART
བདུད་རྩི་	བདུད་རྩི་	NOUN
འབེབས་	འབེབས་	VERB
སྦྱོང་	སྦྱོང་	VERB
གི་	གི་	PART
དབང་	དབང་	NOUN
བཞི་	བཞི་	NUM
བླངས་པ་	བླངས་པ་	VERB
འི་	གི་	PART
དམིགས་པ་	དམིགས་པ་	VERB
དང་	དང་	NO_POS
།		PUNCT
ཐུགས་	ཐུགས་	NOUN
ཆེན་	ཆེན་	NO_POS
ལ་	ལ་	ADP
ས་	གིས་	PART
རིགས་	རིགས་	NOUN
དྲུག་	དྲུག་	NUM
གནས་	གནས་	NOUN
སྦྱོངས་	སྦྱོངས་	VERB
།		PUNCT
		
ཡི་དམ་	ཡི་དམ་	NOUN
བདེ་མཆོག་	བདེ་མཆོག་	PROPN
ལ་	ལ་	ADP
ས་	གིས་	PART
ཕོ་ཉ་	ཕོ་ཉ་	NOUN
གསུམ་	གསུམ་	NUM
གྱི་	གི་	PART
བྱིན་	བྱིན་	VERB
བསྡུ་	བསྡུ་	VERB
དང་	དང་	NO_POS
ཕྲ་	ཕྲ་	NOUN
ཐིག་	ཐིག་	NOUN
གི་	གི་	PART
དམིགས་པ་	དམིགས་པ་	VERB
།		PUNCT
སྒྲོལ་མ་	སྒྲོལ་མ་	PROPN
ལ་	ལ་	ADP
ས་	གིས་	PART
ལ་	ལ་	ADP
ས་	གིས་	PART
བཞི་	བཞི་	NUM
འི་	གི་	PART
སྒྲུབ་པ་	སྒྲུབ་པ་	VERB
དང་	དང་	NO_POS
།		PUNCT
		
མཆོག་	མཆོག་	ADJ
གི་	གི་	PART
བདེ་བ་	བདེ་བ་	VERB
ཆེན་པོ་	ཆེན་པོ་	ADJ
སྒྲུབ་པ་	སྒྲུབ་པ་	VERB
།		PUNCT
མགོན་པོ་	མགོན་པོ་	NOUN
ལ་	ལ་	ADP
ས་	གིས་	PART
དྲག་པོ་	དྲག་པོ་	ADJ
འི་	གི་	PART
ཕྲིན་ལས་	ཕྲིན་ལས་	NOUN
ཀྱི་	གི་	PART
དམིགས་པ་	དམིགས་པ་	VERB
རྣམས་	རྣམས་	DET
བྱ་	བྱ་	VERB
འོ་	གོ་	PART
།		PUNCT
		
།		PUNCT
རྗེས་	རྗེས་	NOUN
ཚོགས་མཆོད་	ཚོགས་མཆོད་	NOUN
ནི་	ནི་	NO_POS
སྤྱི་ཁྱབ་	སྤྱི་ཁྱབ་	OTHER
ལྟ་	ལྟ་	OTHER
ལ་	ལ་	PART
།		PUNCT
མཆོད་	མཆོད་	VERB
ཅིང་	ཅིང་	PART
བསྟོད་	བསྟོད་	VERB
དེ་	སྟེ་	PART
ནོངས་པ་	ནོངས་པ་	VERB
བཤགས་	བཤགས་	NO_POS
།		PUNCT
སྣོད་བཅུད་	སྣོད་བཅུད་	NOUN
ཐམས་ཅད་	ཐམས་ཅད་	DET
འོད་	འོད་	NOUN
དུ་	ལ་	PART
ཞུ་	ཞུ་	VERB
ན་	ནས་	PART
རང་	རང་	PRON
ལ་	ལ་	PART
ཐིམ་	ཐིམ་	NO_POS
།		PUNCT
རང་	རང་	PRON
ཕྱི་	ཕྱི་	NOUN
ནང་	ནང་	NOUN
ལྷ་	ལྷ་	NOUN
དང་	དང་	NO_POS
བཅས་པ་	བཅས་པ་	VERB
སྟོད་སྨད་	སྟོད་སྨད་	NOUN
ན་	ནས་	PART
རིམ་བཞིན་	རིམ་བཞིན་	NO_POS
བསྡུ་	བསྡུ་	VERB
ཏེ་	སྟེ་	PART
བདེ་མཆོག་	བདེ་མཆོག་	PROPN
འཁོར་ལོ་	འཁོར་ལོ་	NOUN
ར་	ལ་	PART
ཐིམ་	ཐིམ་	NO_POS
།		PUNCT
དེ་	སྟེ་	PART
གསལ་	གསལ་	VERB
བཞིན་པ་	བཞིན་པ་	NOUN
འི་	གི་	PART
ངང་	ངང་	NOUN
སྤྲོ་	སྤྲོ་	NO_POS
ན་	ལ་	PART
དྲིལ་བུ་	དྲིལ་བུ་	NOUN
རིམ་	རིམ་	NOUN
ལྔ་	ལྔ་	NUM
འི་	གི་	PART
རྫོགས་རིམ་	རྫོགས་རིམ་	NOUN
སྒོམ་	སྒོམ་	VERB
།		PUNCT
		
མི་	མི་	PART
སྤྲོ་	སྤྲོ་	NO_POS
ན་	ལ་	PART
།		PUNCT
དེ་ཡང་	དེ་ཡང་	ADV
འོད་	འོད་	NOUN
དུ་	ལ་	PART
ཞུ་	ཞུ་	VERB
ན་	ནས་	PART
ཐིག་ལེ་	ཐིག་ལེ་	NOUN
སྔོ་	སྔོ་	VERB
དམར་	དམར་	VERB
འདྲེས་པ་	འདྲེས་པ་	VERB
རྒྱ་	རྒྱ་	NOUN
སྲན་	སྲན་	NO_POS
ཙམ་	ཙམ་	DET
དུ་	ལ་	PART
གསལ་བ་	གསལ་བ་	VERB
རླུང་	རླུང་	NOUN
རིག་	རིག་	VERB
དབྱེ་	དབྱེ་	VERB
ར་	ལ་	PART
མེད་	མེད་	VERB
དུ་	ལ་	PART
གཏད་	གཏད་	VERB
ལ་	ལ་	PART
གཟུང་འཛིན་	གཟུང་འཛིན་	NOUN
གྱི་	གི་	PART
རྟོག་པ་	རྟོག་པ་	VERB
ས་	གིས་	PART
མ་	མ་	PART
བསླད་པ་	བསླད་པ་	VERB
ཅི་	ཅི་	NO_POS
གནས་	གནས་	NOUN
སུ་	ལ་	PART
བཞག་	བཞག་	VERB
མཐ་	མཐའ་	NOUN
ར་	ལ་	PART
དེ་ཡང་	དེ་ཡང་	ADV
དམིགས་མེད་	དམིགས་མེད་	NO_POS
སྟོང་	སྟོང་	NUM
ཆེན་	ཆེན་	NO_POS
གྱི་	གི་	PART
ངང་	ངང་	NOUN
དུ་	ལ་	PART
བཞག་	བཞག་	VERB
གོ་	གོ་	PART
		
།		PUNCT
རྗེས་	རྗེས་	NOUN
སྤྱོད་ལམ་	སྤྱོད་ལམ་	NOUN
ལ་	ལ་	PART
འཇུག་པ་	འཇུག་པ་	VERB
ན་	ལ་	PART
ཅིར་	ཅིར་	NO_POS
སྣང་	སྣང་	VERB
ཐམས་ཅད་	ཐམས་ཅད་	DET
སྟོང་	སྟོང་	NUM
གཟུགས་	གཟུགས་	NOUN
ཡེ་ཤེས་	ཡེ་ཤེས་	NOUN
སྒྱུ་མ་	སྒྱུ་མ་	NOUN
འི་	གི་	PART
རྣམ་	རྣམ་	NOUN
རོལ་	རོལ་	VERB
དུ་	ལ་	PART
ལམ་	གམ་	PART
དུ་	ལ་	PART
ཁྱེར་བ་	ཁྱེར་བ་	VERB
ར་	ལ་	PART
བྱ་	བྱ་	VERB
འོ་	གོ་	PART
"།
།"		PUNCT
ཅེས་པ་	ཅེས་པ་	PART
འང་	ཀྱང་	PART
མེ་	མེ་	NOUN
སྤྲེལ་	སྤྲེལ་	NO_POS
སྨིན་	སྨིན་	VERB
ཟླ་	ཟླ་	NOUN
འི་	གི་	PART
ཚེ་	ཚེ་	NOUN
ལ་མ་	ལ་མ་	NO_POS
ག་	ག་	PRON
དྷཱའི་		NON_WORD
ཤར་ལྷོ་	ཤར་ལྷོ་	NOUN
དུར་ཁྲོད་	དུར་ཁྲོད་	NOUN
བསིལ་བ་	བསིལ་བ་	VERB
འི་	གི་	PART
ཚལ་	ཚལ་	NOUN
དུ་	ལ་	PART
སོང་	སོང་	VERB
ན་	ནས་	PART
ཤ་	ཤ་	NOUN
ཝཱ་	ཝཱ་	NO_POS
རི་པ་	རི་པ་	NO_POS
འི་	གི་	PART
སྒྲུབ་ཕུག་	སྒྲུབ་ཕུག་	NOUN
ཙནྡན་	ཙནྡན་	NOUN
ཤིང་སྡོང་པོ་	ཤིང་སྡོང་པོ་	NOUN
རྐང་	རྐང་	NOUN
གཅིག་པ་	གཅིག་པ་	ADJ
འི་	གི་	PART
དྲུང་	དྲུང་	NOUN
དུ་	ལ་	PART
ཉམས་	ཉམས་	NOUN
ཀྱི་	གི་	PART
སྣང་བ་	སྣང་བ་	VERB
ར་	ལ་	PART
གྲུབ་ཆེན་	གྲུབ་ཆེན་	NOUN
དེ་ཉིད་	དེ་ཉིད་	NOUN
ཀྱི་	གི་	PART
བྱིན་རླབས་	བྱིན་རླབས་	NOUN
ཀྱི་	གི་	PART
མཚན་མ་	མཚན་མ་	NOUN
ཅུང་ཟད་	ཅུང་ཟད་	ADV
ཐོབ་པ་	ཐོབ་པ་	VERB
འི་	གི་	PART
རྐྱེན་	རྐྱེན་	NOUN
གྱིས་	གིས་	PART
གང་	གང་	NO_POS
ཤ་	ཤ་	VERB
གང་	གང་	NO_POS
དྲན་	དྲན་	VERB
དུ་	ལ་	PART
མཉྫུ་		NON_WORD
དྷརྨ་		NON_WORD
མ་ཏི་	མ་ཏི་	PROPN
འམ་	གམ་	PART
པདྨ་	པདྨ་	NOUN
ཡེ་ཤེས་	ཡེ་ཤེས་	NOUN
རྡོ་རྗེ་	རྡོ་རྗེ་	NOUN
ས་	གིས་	PART
ཡི་གེ་	ཡི་གེ་	NOUN
ར་	ལ་	PART
བཏབ་པ་	བཏབ་པ་	VERB
འོ་	གོ་	PART
"།།
།།"		PUNCT
